"","X","Start","End","chr","Symbol","genetype","EntrezID","pattern"
"2","gene18698",44949636,44963454,"16","LOC113906214","protein_coding",NA,"Paternally driven − Indicine"
"7","gene10203",38694509,38752815,"8","ERMP1","protein_coding",541094,"Paternally driven − Taurine"
"8","gene9107",89415807,89472841,"7","TMPRSS9","protein_coding",518647,"Paternally driven − Indicine"
"12","gene8769",67506803,67513170,"7","FSTL3","protein_coding",515367,"Paternally driven − Indicine"
"15","gene3630",55040076,55073291,"3","LOC113889651","lncRNA",NA,"Paternally driven − Indicine"
"16","gene21000",20167644,20168798,"18","LOC113875709","protein_coding",NA,"Paternally driven − Indicine"
"26","gene19289",2352974,2381729,"17","LOC113907287","protein_coding",NA,"Paternally driven − Taurine"
"27","gene5908",16678570,16689665,"5","C1R","protein_coding",511581,"Maternally driven − Taurine"
"32","gene11745",102801203,102830906,"9","FRMD1","protein_coding",616869,"Paternally driven − Indicine"
"41","gene8799",68029493,68039387,"7","PGBD2","protein_coding",101907155,"Paternally driven − Indicine"
"42","gene26886",53157105,53302188,"24","LOC113882639","lncRNA",NA,"Paternally driven − Indicine"
"45","gene32628",4850,13038,"NW_020867894.1","LOC113889271","lncRNA",NA,"Paternally driven − Indicine"
"46","gene1138",143015581,143103028,"1","HSF2BP","protein_coding",617142,"Paternally driven − Indicine"
"51","gene10378",59957223,59963681,"8","HRCT1","protein_coding",100847747,"Paternally driven − Indicine"
"53","gene7250",114622539,114628789,"5","PHLDA1","protein_coding",540135,"Maternally driven − Taurine"
"55","gene30067",31963035,32098012,"29","LOC113886062","protein_coding",NA,"Paternally driven − Taurine"
"56","gene306",52341250,52387738,"1","LOC113907551","lncRNA",NA,"Paternally driven − Indicine"
"58","gene17741",38507216,38534694,"15","ZNF215","protein_coding",529157,"Paternally driven − Indicine"
"63","gene16272",15894347,15925856,"14","TATDN1","protein_coding",509365,"Paternally driven − Taurine"
"69","gene29099",26313988,26332719,"28","AIFM2","protein_coding",534217,"Paternally driven − Indicine"
"81","gene16710",73948474,73992511,"14","DECR1","protein_coding",509952,"Maternally driven − Indicine"
"82","gene5081",54109859,54255429,"4","MINDY4","protein_coding",615509,"Paternally driven − Indicine"
"91","gene25564",16114103,16157864,"23","LOC113881578","protein_coding",NA,"Paternally driven − Indicine"
"92","gene19079",72918627,72966904,"16","LAMB3","protein_coding",529939,"Maternally driven − Taurine"
"93","gene10214",39666165,39765486,"8","SPATA6L","protein_coding",613587,"Paternally driven − Indicine"
"110","gene15253",17191559,17219782,"13","MANBAL","protein_coding",787482,"Paternally driven − Taurine"
"112","gene8797",67999418,68001974,"7","LOC113895471","protein_coding",NA,"Paternally driven − Indicine"
"116","gene28285",32813595,32820300,"26","EXOSC1","protein_coding",506018,"Paternally driven − Taurine"
"127","gene19214",870290,929954,"17","PI4KA","protein_coding",282309,"Paternally driven − Indicine"
"130","gene16259",14098324,14144056,"14","LOC113904110","protein_coding",NA,"Paternally driven − Indicine"
"144","gene10022",11697630,11824904,"8","LOC113896936","lncRNA",NA,"Paternally driven − Taurine"
"147","gene10863",102576242,102606274,"8","WDR31","protein_coding",528277,"Paternally driven − Indicine"
"150","gene10419",62153738,62170774,"8","IGFBPL1","protein_coding",616886,"Paternally driven − Indicine"
"164","gene10576",75161602,75167597,"8","AQP3","protein_coding",780866,"Paternally driven − Indicine"
"167","gene692",87471325,87485042,"1","ZNF639","protein_coding",523536,"Paternally driven − Indicine"
"168","gene19379",6609790,6626051,"17","TFIP11","protein_coding",509349,"Paternally driven − Indicine"
"174","gene32283",589,34419,"NW_020867599.1","LOC113888902","lncRNA",NA,"Paternally driven − Taurine"
"178","gene5063",52557108,52684854,"4","CPVL","protein_coding",534518,"Paternally driven − Indicine"
"190","gene29256",41789662,41797990,"28","LOC113885397","protein_coding",NA,"Paternally driven − Taurine"
"210","gene7502",26154511,26338794,"6","TSPAN5","protein_coding",538668,"Paternally driven − Indicine"
"218","gene2485",131897548,131977481,"2","VWA5B1","protein_coding",100336594,"Maternally driven − Taurine"
"232","gene22866",49332972,49357475,"19","LOC113877500","protein_coding",NA,"Paternally driven − Indicine"
"234","gene16258",13934718,13947242,"14","LOC113904109","lncRNA",NA,"Paternally driven − Indicine"
"236","gene21855",18382872,18739727,"19","MYO1D","protein_coding",522967,"Paternally driven − Indicine"
"253","gene19387",7500754,7507238,"17","CRYBB3","protein_coding",282206,"Paternally driven − Indicine"
"256","gene27280",12975990,13408145,"25","GALNT17","protein_coding",505622,"Paternally driven − Indicine"
"287","gene21434",51555008,51599497,"18","ACSF3","protein_coding",509209,"Paternally driven − Indicine"
"290","gene644",82955049,82955582,"1","LOC113899014","protein_coding",NA,"Paternally driven − Taurine"
"300","gene11830",5681621,5706573,"10","MTFMT","protein_coding",286855,"Paternally driven − Taurine"
"302","gene29090",25737245,25751337,"28","TACR2","protein_coding",282088,"Paternally driven − Indicine"
"309","gene22865",49310347,49332881,"19","LOC113877499","protein_coding",NA,"Paternally driven − Indicine"
"341","gene23507",33416927,33431818,"20","CARD6","protein_coding",520291,"Paternally driven − Indicine"
"352","gene19140",79515997,79520651,"16","UBE2T","protein_coding",505314,"Maternally driven − Indicine"
"354","gene19297",2686716,2774666,"17","SFI1","protein_coding",100138159,"Paternally driven − Indicine"
"378","gene29861",20740640,21344827,"29","KIRREL3","protein_coding",618028,"Paternally driven − Indicine"
"381","gene23997",24546994,24664323,"21","SH3GL3","protein_coding",520311,"Paternally driven − Indicine"
"408","gene10997",10096888,10190734,"9","B3GAT2","protein_coding",541595,"Paternally driven − Indicine"
"416","gene22162",27948390,27971649,"19","DLG4","protein_coding",100137840,"Maternally driven − Taurine"
"417","gene19907",62642241,63082831,"17","NR3C2","protein_coding",537614,"Paternally driven − Indicine"
"418","gene2429",128883030,128942409,"2","LOC113879315","lncRNA",NA,"Maternally driven − Taurine"
"456","gene27538",25529985,25590750,"25","TMC7","protein_coding",785640,"Paternally driven − Indicine"
"461","gene23195",61642632,61728243,"19","KCNJ16","protein_coding",613890,"Paternally driven − Indicine"
"472","gene22665",43052428,43057048,"19","LOC113878335","protein_coding",NA,"Paternally driven − Taurine"
"479","gene23764",1080651,1087195,"21","MKRN3","protein_coding",517464,"Paternally driven − Taurine"
"492","gene23051",56130025,56136488,"19","METTL23","protein_coding",100139217,"Paternally driven − Taurine"
"500","gene4370",119687329,119742512,"3","ANKMY1","protein_coding",538124,"Paternally driven − Indicine"
"506","gene4015",100518255,100522479,"3","TMEM69","protein_coding",785268,"Maternally driven − Indicine"
"527","gene32515",13105,15097,"NW_020867726.1","LOC113889153","protein_coding",NA,"Maternally driven − Taurine"
"532","gene29810",13810572,13824458,"29","TMEM132A","protein_coding",540137,"Paternally driven − Indicine"
"544","gene30233",47533,88481,"X","PPP2R3B","protein_coding",100298789,"Paternally driven − Indicine"
"557","gene20625",12522206,12543421,"18","BHMG1","protein_coding",101905615,"Maternally driven − Taurine"
"562","gene15445",25313000,25382847,"13","LOC113903208","protein_coding",NA,"Paternally driven − Indicine"
"564","gene12535",39668058,39674068,"10","PPIB","protein_coding",281419,"Paternally driven − Taurine"
"574","gene25561",16066221,16079046,"23","APOBEC2","protein_coding",509619,"Maternally driven − Indicine"
"575","gene25414",8402620,8432389,"23","COL11A2","protein_coding",515435,"Paternally driven − Indicine"
"576","gene22896",50737975,50863906,"19","B3GNTL1","protein_coding",617397,"Paternally driven − Indicine"
"589","gene14984",86271626,86293542,"12","TMCO3","protein_coding",509611,"Paternally driven − Indicine"
"598","gene10196",38280055,38408627,"8","IL33","protein_coding",507054,"Paternally driven − Taurine"
"604","gene20641",12805167,12821353,"18","PPP1R13L","protein_coding",505818,"Maternally driven − Taurine"
"615","gene29550",7193730,7207812,"29","LOC113885825","lncRNA",NA,"Paternally driven − Indicine"
"617","gene1681",46495784,46629356,"2","LYPD6","protein_coding",100337491,"Maternally driven − Indicine"
"649","gene13359",14097134,14157243,"11","XDH","protein_coding",280960,"Paternally driven − Taurine"
"667","gene32140",6949,13960,"NW_020867437.1","LOC113888750","protein_coding",NA,"Maternally driven − Indicine"
"670","gene11744",102769907,102800210,"9","KIF25","protein_coding",616884,"Paternally driven − Indicine"
"677","gene27664",38693750,38704188,"25","C25H16orf71","protein_coding",618674,"Paternally driven − Indicine"
"682","gene30212",50241812,50271927,"29","MED17","protein_coding",541303,"Paternally driven − Taurine"
"687","gene14981",86194012,86212119,"12","GRTP1","protein_coding",100125303,"Paternally driven − Indicine"
"721","gene31972",2323,34084,"NW_020867116.1","LOC113888567","lncRNA",NA,"Paternally driven − Taurine"
"729","gene4907",36937411,36942998,"4","LOC113891290","lncRNA",NA,"Paternally driven − Taurine"
"733","gene29224",36869912,38142289,"28","NRG3","protein_coding",539977,"Paternally driven − Indicine"
"743","gene24754",8201975,8238339,"22","CCDC12","protein_coding",617519,"Paternally driven − Indicine"
"744","gene9852",107567138,107796422,"7","OBSCN","protein_coding",537193,"Paternally driven − Indicine"
"746","gene25517",11844652,11885585,"23","C23H6orf89","protein_coding",618886,"Paternally driven − Indicine"
"750","gene12545",40256747,40359532,"10","USP3","protein_coding",529395,"Paternally driven − Taurine"
"757","gene8494",51744288,51751347,"7","SPINK1","protein_coding",574092,"Paternally driven − Taurine"
"765","gene24604",327044,360904,"22","TXNRD3","protein_coding",319097,"Maternally driven − Taurine"
"766","gene19136",79255366,79343117,"16","SYT2","protein_coding",100300626,"Maternally driven − Taurine"
"777","gene19406",8795654,8819307,"17","USP30","protein_coding",100140210,"Paternally driven − Indicine"
"786","gene21979",22930840,23094739,"19","NXN","protein_coding",531367,"Paternally driven − Indicine"
"787","gene16001",71517977,71541251,"13","SEC61A2","protein_coding",614128,"Paternally driven − Taurine"
"797","gene19225",1057349,1070267,"17","YPEL1","protein_coding",521410,"Paternally driven − Indicine"
"810","gene1144",143311162,143315818,"1","LOC113895738","lncRNA",NA,"Maternally driven − Indicine"
"811","gene7303",2180101,2210968,"6","TMA16","protein_coding",506277,"Paternally driven − Taurine"
"813","gene27998",7469070,7538532,"26","ZRANB1","protein_coding",523338,"Maternally driven − Indicine"
"816","gene10950",112768057,112775384,"8","ALKAL2","protein_coding",616690,"Maternally driven − Taurine"
"821","gene28571",14674107,14775037,"27","ENPP6","protein_coding",537431,"Paternally driven − Indicine"
"823","gene15015",2322931,2333879,"13","LOC113902855","protein_coding",NA,"Maternally driven − Taurine"
"833","gene23787",2094977,2146081,"21","LOC113879502","lncRNA",NA,"Paternally driven − Indicine"
"834","gene4311",116885591,116976466,"3","COL6A3","protein_coding",530657,"Maternally driven − Taurine"
"835","gene31965",43739,49436,"NW_020867095.1","LOC113888558","protein_coding",NA,"Paternally driven − Taurine"
"848","gene22897",50844953,50993441,"19","TBCD","protein_coding",281515,"Paternally driven − Indicine"
"852","gene7269",118867969,118888594,"5","TMEM19","protein_coding",538974,"Maternally driven − Indicine"
"854","gene13234",5460818,5482325,"11","CHST10","protein_coding",511215,"Maternally driven − Taurine"
"879","gene29353",532084,551050,"29","EPS8L2","protein_coding",614857,"Paternally driven − Indicine"
"882","gene9488",97934936,97937407,"7","GADD45GIP1","protein_coding",504718,"Maternally driven − Indicine"
"890","gene23931",21106663,21124167,"21","KIF7","protein_coding",538808,"Maternally driven − Taurine"
"897","gene19080",72967791,72998736,"16","CAMK1G","protein_coding",511504,"Paternally driven − Indicine"
"906","gene5436",107225793,107572991,"4","PPP1R9A","protein_coding",539311,"Maternally driven − Indicine"
"909","gene10262",46209729,46327726,"8","SMC5","protein_coding",508938,"Paternally driven − Taurine"
"913","gene6196",38129294,38150588,"5","KLHL42","protein_coding",781458,"Paternally driven − Taurine"
"921","gene12442",31189454,31238724,"10","SPTBN5","protein_coding",531014,"Paternally driven − Indicine"
"928","gene6238",44276417,44328511,"5","ELFN2","protein_coding",528562,"Maternally driven − Taurine"
"933","gene14019",89828166,89910551,"11","LOC113901594","lncRNA",NA,"Maternally driven − Taurine"
"943","gene7675",61861408,61993496,"6","GRXCR1","protein_coding",527289,"Paternally driven − Indicine"
"944","gene19154",79787784,79790514,"16","SHISA4","protein_coding",617754,"Maternally driven − Taurine"
"946","gene19061",71374150,71395178,"16","LOC113906916","lncRNA",NA,"Maternally driven − Indicine"
"991","gene4278",113194393,113304674,"3","DGKD","protein_coding",513389,"Paternally driven − Indicine"
"998","gene10826",100814716,100924907,"8","ECPAS","protein_coding",513555,"Paternally driven − Taurine"
"1005","gene27489",22518951,22552616,"25","POLR3E","protein_coding",100140537,"Maternally driven − Taurine"
"1007","gene15854",53817547,53841973,"13","SUV39H2","protein_coding",536936,"Maternally driven − Indicine"
"1018","gene29012",14802606,14898083,"28","PHYHIPL","protein_coding",780878,"Paternally driven − Indicine"
"1024","gene13331",11252297,11295706,"11","RAB11FIP5","protein_coding",535992,"Maternally driven − Taurine"
"1047","gene11731",101729301,101734714,"9","LOC113898674","lncRNA",NA,"Paternally driven − Indicine"
"1052","gene22567",41318183,41331414,"19","GSDMB","protein_coding",509296,"Paternally driven − Indicine"
"1079","gene11944",14365855,14386683,"10","NYNRIN","protein_coding",516993,"Paternally driven − Indicine"
"1081","gene24225",44910433,44921895,"21","LOC113879813","lncRNA",NA,"Paternally driven − Indicine"
"1093","gene25075",36545981,37572578,"22","CNTN4","protein_coding",521772,"Paternally driven − Indicine"
"1101","gene9756",105067325,105097221,"7","FCHO1","protein_coding",505672,"Paternally driven − Indicine"
"1102","gene26499",51879835,51948391,"23","MYLK4","protein_coding",518025,"Paternally driven − Indicine"
"1108","gene13505",29304658,29317596,"11","CALM2","protein_coding",326597,"Paternally driven − Taurine"
"1122","gene4300",114630595,114729018,"3","SH3BP4","protein_coding",520462,"Paternally driven − Indicine"
"1125","gene3894",91820585,91871103,"3","LOC113889841","protein_coding",NA,"Maternally driven − Taurine"
"1126","gene24094",31180509,31243061,"21","UBE2Q2","protein_coding",511631,"Paternally driven − Taurine"
"1130","gene6682",64609663,64613523,"5","METTL1","protein_coding",511197,"Paternally driven − Taurine"
"1134","gene8132",116675885,116679552,"6","SPON2","protein_coding",513844,"Paternally driven − Indicine"
"1139","gene12909",75570658,75738947,"10","SLC8A3","protein_coding",540307,"Maternally driven − Taurine"
"1150","gene17855",46199159,46361195,"15","PDE3B","protein_coding",533323,"Maternally driven − Indicine"
"1157","gene22365",35347995,35371038,"19","PRPSAP2","protein_coding",506111,"Paternally driven − Taurine"
"1163","gene1935",94505846,94527257,"2","ZDBF2","protein_coding",100139725,"Maternally driven − Taurine"
"1166","gene29154",29645276,29654187,"28","LOC113885320","lncRNA",NA,"Paternally driven − Taurine"
"1176","gene19690",27526171,27550614,"17","MMP17","protein_coding",513072,"Paternally driven − Indicine"
"1182","gene13213",3611645,3730777,"11","INPP4A","protein_coding",535487,"Paternally driven − Indicine"
"1184","gene6080",23194379,23214336,"5","GPRC5A","protein_coding",516026,"Paternally driven − Indicine"
"1189","gene23481",30320353,30418277,"20","FGF10","protein_coding",326285,"Maternally driven − Taurine"
"1192","gene25676",21265397,21311541,"23","ADGRF1","protein_coding",512637,"Paternally driven − Indicine"
"1198","gene4071",102204146,102207518,"3","ATP6V0B","protein_coding",505684,"Paternally driven − Taurine"
"1215","gene20681",13433848,13506955,"18","CEACAM20","protein_coding",100848884,"Paternally driven − Taurine"
"1231","gene30140",43529092,43530437,"29","LOC113886196","protein_coding",NA,"Paternally driven − Taurine"
"1234","gene8768",67500828,67506014,"7","PRSS57","protein_coding",515368,"Paternally driven − Indicine"
"1276","gene22335",34324686,34326609,"19","UBB","protein_coding",281370,"Paternally driven − Taurine"
"1283","gene20068",1980568,1997246,"18","SMIM17","protein_coding",100849034,"Paternally driven − Indicine"
"1295","gene5107",57627613,57720532,"4","DPY19L1","protein_coding",536508,"Paternally driven − Taurine"
"1302","gene4944",41742055,42223257,"4","HECW1","protein_coding",514243,"Paternally driven − Indicine"
"1303","gene547",75809942,75846199,"1","OSTN","protein_coding",511114,"Paternally driven − Indicine"
"1312","gene27842",41381270,41401820,"25","CLCN7","protein_coding",513545,"Maternally driven − Taurine"
"1320","gene310",52740003,52897174,"1","HHLA2","protein_coding",101908484,"Paternally driven − Indicine"
"1324","gene14929",78620996,78690232,"12","LOC113902536","protein_coding",NA,"Paternally driven − Taurine"
"1327","gene18040",61728975,61803033,"15","BCO2","protein_coding",514135,"Paternally driven − Indicine"
"1328","gene1913",91396869,91441030,"2","LOC113906564","protein_coding",NA,"Maternally driven − Indicine"
"1337","gene26538",769550,811173,"24","PQLC1","protein_coding",533304,"Paternally driven − Indicine"
"1345","gene24910",11848261,11850670,"22","RPL29","protein_coding",507270,"Paternally driven − Taurine"
"1346","gene5811",12768547,12830689,"5","KDM5A","protein_coding",507962,"Paternally driven − Taurine"
"1352","gene23974",22705245,22849529,"21","PDE8A","protein_coding",506787,"Paternally driven − Indicine"
"1357","gene17189",18578701,18602805,"15","APIP","protein_coding",508345,"Maternally driven − Indicine"
"1366","gene6341",52452175,52471101,"5","NFYB","protein_coding",614382,"Paternally driven − Taurine"
"1374","gene13819",68890848,69091794,"11","LCLAT1","protein_coding",520912,"Paternally driven − Indicine"
"1381","gene14632",27791814,27829921,"12","KL","protein_coding",784635,"Paternally driven − Taurine"
"1401","gene10617",77194211,77209508,"8","RMI1","protein_coding",614063,"Paternally driven − Taurine"
"1404","gene27514",23966745,23983958,"25","ERI2","protein_coding",538719,"Maternally driven − Indicine"
"1418","gene4384",120134709,120169696,"3","PASK","protein_coding",512154,"Paternally driven − Indicine"
"1447","gene20938",19205151,19210215,"18","SYNE4","protein_coding",509061,"Paternally driven − Indicine"
"1453","gene9196",91589974,91700926,"7","PTPRS","protein_coding",537480,"Paternally driven − Indicine"
"1462","gene32639",463,9114,"NW_020867895.1","LOC113889286","lncRNA",NA,"Paternally driven − Indicine"
"1467","gene1343",4768525,4818019,"2","IWS1","protein_coding",538614,"Maternally driven − Indicine"
"1480","gene3703",65821420,65962781,"3","ADGRL4","protein_coding",535066,"Maternally driven − Taurine"
"1494","gene8097",114999256,115014605,"6","MSANTD1","protein_coding",614978,"Paternally driven − Indicine"
"1500","gene770",100950541,101029086,"1","BCHE","protein_coding",534616,"Maternally driven − Taurine"
"1509","gene21203",31047061,31050712,"18","NOL3","protein_coding",515777,"Maternally driven − Taurine"
"1539","gene2855",13926617,13939075,"3","LRRC71","protein_coding",511219,"Paternally driven − Indicine"
"1544","gene19129",79078879,79084092,"16","LOC113906978","protein_coding",NA,"Maternally driven − Taurine"
"1546","gene1200",145732930,145757937,"1","PRMT2","protein_coding",507839,"Maternally driven − Taurine"
"1564","gene14207",98874374,98890859,"11","LOC113901730","lncRNA",NA,"Paternally driven − Indicine"
"1566","gene28996",13095816,13117939,"28","LOC113885484","protein_coding",NA,"Maternally driven − Indicine"
"1575","gene5605",5201898,5318457,"5","PARVB","protein_coding",616294,"Paternally driven − Indicine"
"1585","gene5062",52505218,52510589,"4","TRIL","protein_coding",518003,"Maternally driven − Taurine"
"1602","gene14337",103608054,103627875,"11","DBH","protein_coding",280758,"Paternally driven − Indicine"
"1635","gene27026",1825833,1866348,"25","IQCE","protein_coding",618833,"Paternally driven − Indicine"
"1641","gene8927",71375133,71387846,"7","N4BP3","protein_coding",513032,"Paternally driven − Taurine"
"1650","gene15699",40550987,40587205,"13","PYGB","protein_coding",505560,"Maternally driven − Taurine"
"1667","gene2946",15727718,15902672,"3","KCNN3","protein_coding",534180,"Paternally driven − Indicine"
"1671","gene21868",19100490,19108001,"19","TEFM","protein_coding",534204,"Maternally driven − Indicine"
"1680","gene700",87850831,88151899,"1","KCNMB2","protein_coding",534568,"Maternally driven − Taurine"
"1682","gene15461",26071321,26081250,"13","PRELID3B","protein_coding",616523,"Paternally driven − Taurine"
"1693","gene4832",26867619,26898670,"4","KCP","protein_coding",515624,"Paternally driven − Indicine"
"1702","gene9338",95162357,95167918,"7","LOC113895898","lncRNA",NA,"Paternally driven − Indicine"
"1705","gene1678",45589938,45611573,"2","RND3","protein_coding",783333,"Paternally driven − Taurine"
"1722","gene26355",39101530,39104974,"23","ID4","protein_coding",NA,"Maternally driven − Taurine"
"1726","gene4068",102156909,102188600,"3","SLC6A9","protein_coding",282368,"Paternally driven − Indicine"
"1731","gene3991",99608870,99636296,"3","ATPAF1","protein_coding",505430,"Paternally driven − Taurine"
"1771","gene25533",13109325,13531243,"23","BTBD9","protein_coding",505504,"Maternally driven − Indicine"
"1779","gene21344",44266723,44280099,"18","LOC113875351","protein_coding",NA,"Maternally driven − Taurine"
"1789","gene1690",48054188,48151104,"2","ORC4","protein_coding",529245,"Maternally driven − Indicine"
"1791","gene1676",44746508,44758306,"2","RBM43","protein_coding",617625,"Paternally driven − Indicine"
"1816","gene13599",44295886,44325558,"11","CCDC138","protein_coding",507644,"Paternally driven − Taurine"
"1817","gene29689",10031140,10034440,"29","POLR2G","protein_coding",526320,"Paternally driven − Taurine"
"1830","gene29886",22100875,22115619,"29","EI24","protein_coding",532527,"Paternally driven − Taurine"
"1833","gene25774",28171257,28227615,"23","TNXB","protein_coding",282654,"Paternally driven − Indicine"
"1837","gene19309",3070564,3086510,"17","LOC113907306","lncRNA",NA,"Paternally driven − Indicine"
"1842","gene26549",2424921,2529593,"24","MBP","protein_coding",618684,"Paternally driven − Indicine"
"1853","gene23136",57632118,57643647,"19","FDXR","protein_coding",282604,"Paternally driven − Indicine"
"1856","gene23441",23134139,23203877,"20","IL31RA","protein_coding",522636,"Maternally driven − Taurine"
"1865","gene28936",6242701,6301504,"28","MAP3K21","protein_coding",616014,"Paternally driven − Indicine"
"1868","gene22113",27165082,27186947,"19","NUP88","protein_coding",504786,"Maternally driven − Indicine"
"1875","gene5095",55779210,55799730,"4","KBTBD2","protein_coding",514920,"Paternally driven − Taurine"
"1876","gene21707",10524679,10536585,"19","SEPT4","protein_coding",538801,"Maternally driven − Taurine"
"1882","gene27029",1908465,1986097,"25","GNA12","protein_coding",515159,"Paternally driven − Indicine"
"1893","gene7263",117835797,118286049,"5","TRHDE","protein_coding",100336818,"Paternally driven − Taurine"
"1910","gene22411",36658897,36663354,"19","NME2","protein_coding",615447,"Paternally driven − Taurine"
"1919","gene16652",66484193,66657321,"14","MATN2","protein_coding",781953,"Paternally driven − Indicine"
"1934","gene31964",23911,43407,"NW_020867095.1","LOC113888559","lncRNA",NA,"Paternally driven − Taurine"
"1947","gene26802",43218396,43234936,"24","CEP76","protein_coding",515285,"Maternally driven − Indicine"
"1949","gene24403",60744365,60792626,"21","C21H14orf132","protein_coding",617871,"Paternally driven − Indicine"
"1950","gene4854",27917910,27920944,"4","ARF5","protein_coding",511918,"Maternally driven − Taurine"
"1960","gene105",6967479,7026536,"1","LTN1","protein_coding",519526,"Paternally driven − Taurine"
"1971","gene14638",28412070,28506002,"12","ZAR1L","protein_coding",616037,"Paternally driven − Indicine"
"1973","gene30079",33013146,33047710,"29","AAMDC","protein_coding",533224,"Maternally driven − Indicine"
"1986","gene31167",84099515,84452209,"X","TRPC5","protein_coding",407103,"Paternally driven − Taurine"
"1987","gene25185",47453678,47502020,"22","ZNF621","protein_coding",530346,"Maternally driven − Taurine"
"1991","gene10358",59720423,59739105,"8","NPR2","protein_coding",281357,"Paternally driven − Indicine"
"1994","gene31497",111341332,111583339,"X","GABRA3","protein_coding",282237,"Maternally driven − Taurine"
"2014","gene5863",16128433,16134109,"5","CD27","protein_coding",512514,"Paternally driven − Indicine"
"2033","gene962",126641119,126648503,"1","RNF7","protein_coding",515595,"Maternally driven − Indicine"
"2036","gene24533",67876948,67885699,"21","EIF5","protein_coding",504752,"Paternally driven − Taurine"
"2039","gene22589",41773065,41796564,"19","TNS4","protein_coding",532898,"Maternally driven − Taurine"
"2045","gene15054",5895268,6014834,"13","KCNB1","protein_coding",539528,"Paternally driven − Indicine"
"2050","gene17126",7405320,7578371,"15","AMBRA1","protein_coding",517263,"Paternally driven − Indicine"
"2058","gene18508",30135313,30153693,"16","TFB2M","protein_coding",516874,"Paternally driven − Taurine"
"2059","gene25721",25852196,25890441,"23","LOC113882302","protein_coding",NA,"Paternally driven − Taurine"
"2063","gene20986",19889797,19891281,"18","HAMP","protein_coding",512301,"Maternally driven − Taurine"
"2064","gene27665",38704385,38719337,"25","ANKS3","protein_coding",528545,"Paternally driven − Indicine"
"2065","gene24215",44327691,44357361,"21","EGLN3","protein_coding",535578,"Maternally driven − Indicine"
"2074","gene655",83360067,83368077,"1","LOC113891624","lncRNA",NA,"Paternally driven − Taurine"
"2080","gene4007",100006440,100023756,"3","LURAP1","protein_coding",785028,"Paternally driven − Indicine"
"2081","gene9020",80763148,80904848,"7","LOC113895601","lncRNA",NA,"Paternally driven − Taurine"
"2097","gene7147",97083272,97383234,"5","LOC113893282","lncRNA",NA,"Paternally driven − Indicine"
"2100","gene29407",2464560,2485706,"29","SLC22A18","protein_coding",504885,"Paternally driven − Indicine"
"2112","gene22901",50994310,51003377,"19","FN3K","protein_coding",539709,"Paternally driven − Indicine"
"2132","gene285",45967952,45979072,"1","NFKBIZ","protein_coding",282713,"Paternally driven − Taurine"
"2144","gene2506",133055000,133066811,"2","LOC113900493","protein_coding",NA,"Paternally driven − Indicine"
"2146","gene677",85766288,85772263,"1","DNAJC19","protein_coding",513918,"Maternally driven − Indicine"
"2157","gene20707",13990706,13999949,"18","ZNF428","protein_coding",540173,"Paternally driven − Taurine"
"2159","gene7607",50128676,50604276,"6","PCDH7","protein_coding",514537,"Maternally driven − Taurine"
"2169","gene19248",1800246,1803123,"17","LOC113907257","protein_coding",NA,"Maternally driven − Indicine"
"2186","gene20257",4916562,4923096,"18","LOC113876046","protein_coding",NA,"Paternally driven − Indicine"
"2193","gene23055",56262879,56282854,"19","ST6GALNAC2","protein_coding",404124,"Paternally driven − Indicine"
"2204","gene13114",100354434,100455245,"10","TTC8","protein_coding",615652,"Paternally driven − Indicine"
"2208","gene22499",39564150,39573670,"19","CDK5RAP3","protein_coding",509255,"Paternally driven − Indicine"
"2220","gene24843",10188908,10267731,"22","BSN","protein_coding",522724,"Paternally driven − Indicine"
"2225","gene25303",59319526,59326835,"22","SEC61G","protein_coding",615778,"Paternally driven − Taurine"
"2234","gene13005",82097873,82113800,"10","CIPC","protein_coding",506130,"Maternally driven − Indicine"
"2238","gene8008",102968611,103076809,"6","EVC","protein_coding",282874,"Paternally driven − Indicine"
"2240","gene3497",39939098,39964688,"3","LOC113889547","protein_coding",NA,"Paternally driven − Taurine"
"2245","gene15799",47318348,47325286,"13","BAMBI","protein_coding",530147,"Maternally driven − Taurine"
"2253","gene2980",16624586,16663724,"3","INTS3","protein_coding",511052,"Paternally driven − Indicine"
"2263","gene22099",26284632,26342787,"19","KIAA0753","protein_coding",512933,"Maternally driven − Indicine"
"2265","gene3525",43215347,43255936,"3","DBT","protein_coding",280759,"Paternally driven − Taurine"
"2270","gene31066",68453880,68484078,"X","UPRT","protein_coding",540851,"Maternally driven − Indicine"
"2273","gene8934",71547102,71577892,"7","FAM193B","protein_coding",538655,"Paternally driven − Indicine"
"2278","gene22697",43750627,43757807,"19","MLX","protein_coding",508531,"Paternally driven − Taurine"
"2282","gene23379",13827763,13849910,"20","PPWD1","protein_coding",517560,"Maternally driven − Indicine"
"2293","gene7014",92434878,92451635,"5","NR4A1","protein_coding",528390,"Maternally driven − Taurine"
"2315","gene29101",26351747,26365296,"28","SAR1A","protein_coding",517171,"Paternally driven − Taurine"
"2317","gene24759",8388747,8425549,"22","KIF9","protein_coding",508574,"Paternally driven − Indicine"
"2321","gene10152",28176574,28518093,"8","CCDC171","protein_coding",538331,"Paternally driven − Indicine"
"2323","gene4003",99932470,99941757,"3","LOC113889946","protein_coding",NA,"Paternally driven − Taurine"
"2327","gene20832",16764680,16775544,"18","PLEKHG2","protein_coding",504530,"Maternally driven − Taurine"
"2332","gene939",124290674,124313321,"1","DIPK2A","protein_coding",NA,"Paternally driven − Taurine"
"2333","gene14391",105249049,105262184,"11","LOC113900890","protein_coding",NA,"Maternally driven − Taurine"
"2337","gene14789",51763537,51774510,"12","CLN5","protein_coding",529186,"Paternally driven − Taurine"
"2338","gene1174",144079557,144089205,"1","SUMO3","protein_coding",617236,"Paternally driven − Taurine"
"2340","gene13239",5930446,5935877,"11","RPL31","protein_coding",534279,"Paternally driven − Taurine"
"2346","gene8573",58982602,58989642,"7","HARS2","protein_coding",615182,"Paternally driven − Taurine"
"2350","gene9192",91325500,91346088,"7","PLIN3","protein_coding",767984,"Maternally driven − Taurine"
"2368","gene1356",5439381,5530849,"2","LOC113901194","lncRNA",NA,"Maternally driven − Indicine"
"2371","gene31700",132377154,132428957,"X","OCRL","protein_coding",535844,"Maternally driven − Indicine"
"2380","gene6834",83545797,83574036,"5","IRAK4","protein_coding",533692,"Maternally driven − Taurine"
"2381","gene18813",50858231,50877921,"16","SAMD11","protein_coding",100140500,"Maternally driven − Taurine"
"2402","gene10681",84526582,84673614,"8","WNK2","protein_coding",506520,"Paternally driven − Indicine"
"2408","gene5570",3130816,3167173,"5","CERK","protein_coding",100336737,"Paternally driven − Indicine"
"2411","gene11043",18646446,18774852,"9","PHIP","protein_coding",523186,"Maternally driven − Indicine"
"2412","gene12238",20614761,20655243,"10","TEP1","protein_coding",505802,"Paternally driven − Indicine"
"2429","gene24722",7084195,7163315,"22","LIMD1","protein_coding",617525,"Paternally driven − Indicine"
"2435","gene24375",58857870,58871788,"21","SERPINA10","protein_coding",517172,"Maternally driven − Indicine"
"2447","gene14129",96813748,97116681,"11","RALGPS1","protein_coding",616166,"Paternally driven − Indicine"
"2450","gene17251",27374578,27478549,"15","MYO7A","protein_coding",535092,"Paternally driven − Indicine"
"2474","gene10536",72700205,72781576,"8","KCTD9","protein_coding",613717,"Paternally driven − Indicine"
"2490","gene15288",18716055,18763292,"13","CEP250","protein_coding",507479,"Paternally driven − Indicine"
"2502","gene9010",79582524,79645051,"7","SNX2","protein_coding",509769,"Paternally driven − Taurine"
"2508","gene18110",68600691,68798128,"15","AMOTL1","protein_coding",541209,"Paternally driven − Indicine"
"2509","gene2197",120158241,120271855,"2","PHC2","protein_coding",537511,"Maternally driven − Indicine"
